PROJECT NAME,AGENCY,project ZIP,project CD,STATUS,artist ZIP,"projectSTART date",FULL 1% amount,"ARTcontract $",art contract START,COMMUNITY MEETING date(s), END DATE,,,,,,,,,,,,,,
Riverside Dr. Bridge | Roundabout,BIP,90065,01,active,90065,3/9/2009,"$20,000","$20,000",N/A,"3/25/2010, 4/15/2010",,,,,,,,,,,,,,,
Aliso Creek Bridges,BIP,91306,03,completed,90065,7/15/2002,"$18,360","$15,055",N/A,09/25/2002; 02/24/2003; 05/05/2003,7/14/05,,,,,,,,,,,,,,
Ave. 19 East + West Bridges,BIP,90031,01,completed,90039,8/28/2002,"$28,000","$10,000",N/A,1/16/2003,8/27/05,,,,,,,,,,,,,,
Corbin and Mason Ave. Bridges,BIP,91367,12,completed,90230,7/22/2002,"$12,300","$12,300",N/A,9/25/2002,,,,,,,,,,,,,,,
Ave. 19 Bridges,BIP,90031,01,completed,90291,12/21/2004,"$28,000","$10,000",N/A,02/05/2005,7/7/05,,,,,,,,,,,,,,
Colfax Ave. Bridge over LA River,BIP,91604,02,completed,92086,9/10/2003,"$37,479","$10,000",N/A,6/28/06,,,,,,,,,,,,,,,
Laurel Canyon Blvd. Bridge over Tujunga Wash,BIP,91331,06,completed,91107,2/13/2003,"$7,150","$5,860",N/A,06/17/2002,,,,,,,,,,,,,,,
San Fernando Bike Path | Phase 2,BIP,91340,07,completed,90046,7/25/2002,"$4,500","$4,500",N/A,N/A,,,,,,,,,,,,,,,
Vanowen St. Bridge over Bull Creek,BIP,91406,06,completed,90731,7/15/2002,"$8,820","$7,232",N/A,N/A,,,,,,,,,,,,,,,
State + Soto St. Bridges,BIP,90033,14,completed,90291,8/6/2002,"$27,930","$20,000",N/A,01/13/2003,,,,,,,,,,,,,,,
North Broadway Sidehill Viaduct,BIP,90012,01,completed,92870,8/22/2002,"$22,000","$18,040",N/A,11/07/2002,,,,,,,,,,,,,,,
Glenoaks Blvd. Bridge over Tujunga Wash,BIP,91352,06,completed,90056,9/22/2003,"$11,702","$10,000",N/A,03/22/2005,2/1/09,,,,,,,,,,,,,,
Tampa Ave. Bridge over LA River,BIP,91335,03,completed,90039,9/22/2003,"$43,000","$6,000",N/A,03/20/2006,,,,,,,,,,,,,,,
Winnetka St. Bridge over LA River,BIP,91306,03,completed,90039,9/22/2003,"$8,400","$6,000",N/A,04/26/2007,,,,,,,,,,,,,,,
Vanowen St. Bridge over LA River,BIP,91306,03,completed,90039,9/22/2003,"$34,000","$6,000",N/A,04/26/2007,,,,,,,,,,,,,,,
La Tijera Blvd. Bridge over Centinela Creek,BIP,90045,11,completed,91741,9/23/2003,"$15,000","$10,000",N/A,12/07/2004,,,,,,,,,,,,,,,
US-405 Sepulveda Pass Widening,BIP,90049,05,completed,90065,,"$25,000","$25,000",N/A,04/08/2010; 04/22/2010; 05/27/2010,,,,,,,,,,,,,,,
Stoner Recreation Center,Rec+Parks,90025,11,completed,90031,9/7/2000,"$21,450","$17,000",9/7/2000,11/01/00,3/3/03,,,,,,,,,,,,,,
Yosemite Park Recreation Center,Rec+Parks,90041,14,completed,90039,9/6/2000,"$16,000","$14,000",9/6/2000,,11/25/03,,,,,,,,,,,,,,
Van Nuys/Sherman Oaks Gymnasium,Rec+Parks,91423,04,completed,90045,9/26/2002,"$16,890","$13,850",9/26/2002,3/12/03,8/22/05,,,,,,,,,,,,,,
Woodland Hills Branch Library,Library,91367,03,completed,90036,9/26/2000,"$20,000","$20,000",9/26/2000,12/5/00,,,,,,,,,,,,,,,
Harbor Police Station | Site-Specific Artwork,Police,90731,15,completed,10013,9/24/2003,"$309,302","$253,650",9/24/2003,6/16/4,,,,,,,,,,,,,,,
South LA Fire Station No. 64,Fire,90061,08,completed,90066,9/23/2003,"$58,434","$66,000",9/23/2003,01/25/05,3/19/09,,,,,,,,,,,,,,
Winnetka Child Care Center,Rec+Parks,91306,03,completed,92870,9/21/2001,"$9,100","$8,500",9/21/2001,01/09/02,11/19/03,,,,,,,,,,,,,,
Central Ave. Neighborhood City Hall,BOE,90011,09,completed,90037,9/19/2006,"$71,565","$58,680",9/19/2006,6/10/08,9/18/09,,,,,,,,,,,,,,
Southern Pacific Slip [#1],Harbor,90744,15,completed,90732,8/8/2011,"$97,026","$77,500",9/1/2011,n/a,1/14/13,,,,,,,,,,,,,,
Southern Pacific Slip [#2],Harbor,90744,15,completed,90404,8/8/2011,"$222,901","$203,375",9/1/2011,n/a,12/9/12,,,,,,,,,,,,,,
Westwood Branch Library [#2],Library,90024,05,completed,92870,9/1/2004,"$15,000","$15,000",9/1/2004,n/a,5/3/05,,,,,,,,,,,,,,
Palisades Branch Library,Library,90065,11,completed,92870,9/1/2004,"$20,000","$20,000",9/1/2004,n/a,5/18/06,,,,,,,,,,,,,,
Cypress Park Branch Library [#2],Library,90065,01,completed,90302,9/1/2004,"$10,000","$10,000",9/1/2004,n/a,4/20/05,,,,,,,,,,,,,,
Good Beginnings Early Childhood Education Program,CDD,90006,01,completed,90019,9/1/2003,"$7,530","$6,200",9/1/2003,09/17/03,2/11/04,,,,,,,,,,,,,,
South LA Care and Control Center,Animal Services,90018,10,completed,90058,9/1/1998,"$40,000","$33,000",9/1/1998,3/15/1999,4/18/01,,,,,,,,,,,,,,
Van Ness Childcare Center,Rec+Parks,90043,08,completed,90046,9/1/1998,"$9,100","$7,600",9/1/1998,3/31/99,8/2/01,,,,,,,,,,,,,,
Metropolitan Communications Dispatch Center,Police,90012,14,completed,90066,7/15/1998,"$150,000","$115,500",9/1/1998,"5/18/99, 5/27/99",7/25/02,,,,,,,,,,,,,,
Northridge Metrolink Station,DOT,91324,12,completed,92870,10/22/1997,"$26,000","$22,400",9/1/1997,7/16/98,6/28/00,,,,,,,,,,,,,,
Tarzana Child Care Center,Rec+Parks,91356,03,completed,90031,9/1/1997,"$9,100","$7,600",9/1/1997,2/11/98,8/31/00,,,,,,,,,,,,,,
Algin Sutton Recreation Center Pool,Rec+Parks,90044,08,completed,90019,9/1/1997,"$9,100","$7,600",9/1/1997,3/31/98,1/13/00,,,,,,,,,,,,,,
Evergreen Childcare Center,Rec+Parks,90033,14,completed,90026,9/1/1997,"$9,100","$7,600",9/1/1997,5/12/98,9/15/05,,,,,,,,,,,,,,
Sherman Oaks/East Valley Adult Center,Rec+Parks,91403,04,completed,90039,8/9/2007,"$85,000","$80,290",8/9/2007,12/18/2008,8/8/10,,,,,,,,,,,,,,
Exposition Park Regional Branch Library,Library,90062,08,completed,91101,8/9/2006,"$41,300","$35,000",8/9/2006,10/11/2007,8/6/08,,,,,,,,,,,,,,
Fairfax Branch Library,Library,90036,04,completed,90232,8/9/2001,"$35,000","$35,000",8/9/2001,03/06/02,9/21/05,,,,,,,,,,,,,,
Valley Boulevard Grade Separation,BOE,90032,14,completed,90042,8/26/2002,"$180,000","$226,000",8/8/2002,02/25/03 & 1/14/08,3/25/12,,,,,,,,,,,,,,
Santa Monica Blvd. Transit Parkway,BOE,90025,05,completed,90291,8/7/2003,"$398,401","$382,000",8/7/2003,,,,,,,,,,,,,,,,
Hyde Park Branch Library,Library,90043,08,completed,90012,8/7/2001,"$20,000","$20,000",8/7/2001,9/19/01,2/8/05,,,,,,,,,,,,,,
Pacoima Neighborhood City Hall,BOE,91331,07,completed,91202,8/25/2006,"$104,940","$70,500",8/28/2006,9/18/08,5/20/11,,,,,,,,,,,,,,
Boyle Heights Youth and Job Training Center,CDD,90033,14,completed,90026,8/26/2002,"$50,000","$41,000",8/26/2002,03/11/03,9/26/06,,,,,,,,,,,,,,
Studio City Fire Station No. 78,Fire,91604,02,completed,91304,8/17/2004,"$58,434","$50,000",8/17/2004,02/16/05;4/12/05,4/21/08,,,,,,,,,,,,,,
Branford Child Care Center,Rec+Parks,91402,06,completed,90808,7/6/2000,"$8,000","$8,000",8/16/2000,4/12/01,4/14/03,,,,,,,,,,,,,,
LAPD Scientific Investigation Division | Technical Lab,Police,90013,14,completed,90013,7/17/2012,"$42,960","$35,500",8/15/2012,,6/22/15,,,,,,,,,,,,,,
Lafayette Park Gymnasium/Community Center,Rec+Parks,90057,10,completed,90302,8/10/2005,"$35,000","$28,700",8/10/2005,4/25/2006,11/12/10,,,,,,,,,,,,,,
Wilt Chamberlain Memorial Plaque,Rec+Parks,90016,10,completed,90069,8/1/2001,"$26,450","$23,000",8/1/2001,N/A,7/23/02,,,,,,,,,,,,,,
Los Feliz Bikeway Bridge,BIP,90039,04,completed,92104,8/1/1999,"$10,000","$9,000",8/1/1999,N/A,1/23/02,,,,,,,,,,,,,,
Sun Valley Fire Station No. 77,Fire,91352,07,completed,85387,7/31/2002,"$56,000","$57,000",7/31/2002,8/10/04,,,,,,,,,,,,,,,
Northridge Fire Station No. 87,Fire,91343,12,completed,10012,7/30/2003,"$58,434","$50,000",7/30/2003,2/12/04,,,,,,,,,,,,,,,
North Hollywood Regional Branch Library,Library,91601,02,completed,90035,7/26/2001,"$20,000","$20,000",7/26/2001,08/16/01,11/18/02,,,,,,,,,,,,,,
East Valley Solid Resources [#1],Public Works,91352,06,completed,90042,2/1/2000,"$178,000","$73,000",7/21/2000,11/06/00,6/9/04,,,,,,,,,,,,,,
East Valley Solid Resources [#2],Public Works,91352,06,completed,90802,2/1/2000,"$178,000","$73,000",7/21/2000,11/06/00,11/26/03,,,,,,,,,,,,,,
West Valley Police Station,Police,91335,03,completed,90405,7/15/2003,"$175,000","$100,450",7/15/2003,12/17/03,3/16/05,,,,,,,,,,,,,,
Fairfax Branch Library [#2],Library,90036,04,completed,90019,7/11/2009,"$30,000","$30,000",7/11/2009,8/11/09,7/27/10,,,,,,,,,,,,,,
Northeast Valley Animal Care & Services Center,Animal Services,91345,07,completed,90230,7/10/2003,"$113,800","$93,300",7/10/2003,10/11/5,4/18/07,,,,,,,,,,,,,,
Cabrillo Marine Aquarium,Rec+Parks,90731,15,completed,90290,7/1/2001,"$54,000","$44,500",7/1/2001,12/04/00,5/21/07,,,,,,,,,,,,,,
Martin Luther King Therapeutic Center,Rec+Parks,90062,08,completed,90034,7/1/1999,"$8,000","$8,000",7/1/1999,,8/1/03,,,,,,,,,,,,,,
Imperial Courts Community Center,Rec+Parks,90059,15,completed,90039,7/1/1997,"$14,000","$16,250",7/1/1997,8/27/97,9/4/02,,,,,,,,,,,,,,
El Sereno Recreation Center,Rec+Parks,90032,14,completed,91030,9/1/1997,"$30,000","$23,000",7/1/1997,8/21/97,2/3/00,,,,,,,,,,,,,,
109th Street Pool,Rec+Parks,90050,15,completed,90039,6/30/2009,"$36,400","$18,500",6/30/2009,,3/1/11,,,,,,,,,,,,,,
Exposition Park Intergenerational Community Center,Rec+Parks,90037,09,completed,90042,2/2/2000,"$190,000","$155,800",6/30/2000,09/26/00,5/14/03,,,,,,,,,,,,,,
Sun Valley Branch Library,Library,91352,06,completed,90045,6/29/2000,"$20,000","$20,000",6/29/1999,8/28/00,5/20/03,,,,,,,,,,,,,,
Westwood Branch Library [#1],Library,90024,05,completed,90086,6/28/2001,"$20,000","$20,000",6/28/2001,01/08/02,4/20/05,,,,,,,,,,,,,,
Mar Vista Library,Library,90066,11,completed,90086,6/23/2000,"$20,000","$20,000",6/23/2000,11-16-00,12/4/02,,,,,,,,,,,,,,
Air Treatment Facility | NCOS 6000 Jefferson,BOE,90016,10,completed,90026,6/21/2005,"$69,000","$56,580",6/21/2005,12/7/07,11/16/10,,,,,,,,,,,,,,
Warner Streetscape & Transit Hub,DOT,91367,03,completed,91406,2/29/2000,"$30,000","$46,378",6/19/2000,09/17/02,7/8/05,,,,,,,,,,,,,,
Police Administration Building | Spring Street Sculptures,Police,90012,14,completed,90291,6/18/2007,"$609,756","$500,000",6/18/2007,"11/19/2007, 12/05/2007, 12/12/2007",11/2/09,,,,,,,,,,,,,,
Police Administration Building | Auditorium Façade Treatment,Police,90012,14,completed,94110,6/18/2007,"$609,756","$500,000",6/18/2007,,,,,,,,,,,,,,,,
Van Nuys Blvd. Bridge,BIP,91405,06,completed,92104,6/18/1999,"$12,000","$12,000",6/18/1999,N/A,1/23/02,,,,,,,,,,,,,,
"Venice Beach Rose Avenue, Restroom Renovation",BOE,90291,11,completed,90031,6/16/2015,"$7,500","$6,150",6/16/2015,NA,6/15/16,,,,,,,,,,,,,,
Pedlow Skate Park,Rec+Parks,91406,06,completed,90291,6/10/2003,"$10,000","$8,200",6/10/2003,08/13/03,5/25/06,,,,,,,,,,,,,,
Chinatown Branch Library [#2],Library,90012,01,completed,91324,6/1/2005,"$15,000","$15,000",6/1/2005,n/a,6/24/06,,,,,,,,,,,,,,
Chatsworth Branch Library [#2],Library,91311,12,completed,91304,6/1/2004,"$83,000","$83,000",6/1/2004,n/a,2/15/06,,,,,,,,,,,,,,
Porter Branch Library,Library,91326,12,completed,90025,6/1/1996,"$27,500","$18,000",6/1/1996,5/8/96,7/6/99,,,,,,,,,,,,,,
Sylmar/San Fernando Metrolink Station`,DOT,91342,*07,completed,14213,10/1/1994,"$25,000","$25,000",6/1/1995,,7/28/98,,,,,,,,,,,,,,
Chatsworth Metrolink Station,DOT,91311,12,completed,90291,10/1/1994,"$40,000","$40,000",6/1/1995,,6/18/97,,,,,,,,,,,,,,
Washington Irving Branch Library,Library,90016,10,completed,90221,6/1/1993,"$23,000","$23,000",6/1/1993,,4/12/01,,,,,,,,,,,,,,
Fred Roberts Gymnasium and Recreation Center,Rec+Parks,90011,09,completed,90026,5/8/2007,"$38,000","$39,500",5/8/2007,09/26/07,5/7/11,,,,,,,,,,,,,,
Baldwin Hills Branch Library,Library,90019,10,completed,91602,5/6/1999,"$20,000","$20,000",5/6/1999,12/6/99,4/23/02,,,,,,,,,,,,,,
Police Academy | New Training Facility,Police,90012,01,active,90042,5/15/2015,"$156,097","$120,000",5/5/2014,"11/12/15, 4/19/16",,,,,,,,,,,,,,,
Police Academy | Renovation,Police,90012,01,active,91106,5/15/2015,"$205,487","$120,000",5/5/2014,"11/12/15, 4/19/16",,,,,,,,,,,,,,,
Edendale Branch Library,Library,90026,13,completed,90026,5/24/2001,"$20,000","$20,000",5/24/2001,7/17/01,2/8/05,,,,,,,,,,,,,,
Air Treatment Facility | Mission & Jesse,BOE,90023,14,completed,90023,11/17/2005,"$148,920","$77,200",5/2/2013,11/03/11,6/27/15,,,,,,,,,,,,,,
Pico Union Fire Station No. 13,Fire,90006,01,completed,92371,5/18/2004,"$58,434","$50,000",5/18/2004,09/07/04,,,,,,,,,,,,,,,
Harbor Animal Care & Services Center,Animal Services,90731,15,completed,90731,5/13/2003,"$68,100","$55,850",5/13/2003,9/12/5,8/19/08,,,,,,,,,,,,,,
Mark Twain Branch Library,Library,90003,08,completed,90305,5/11/2000,"$20,000","$20,000",5/11/2000,7/31/00,1/13/03,,,,,,,,,,,,,,
77th Street Police Station,Police,90003,09,completed,94188,9/16/1991,"$152,000","$152,000",5/1/1995,n/a,11/14/97,,,,,,,,,,,,,,
Palms-Rancho Park Branch Library,Library,90064,05,completed,90066,4/27/2000,"$20,000","$20,000",4/7/2000,8/8/00,2/24/03,,,,,,,,,,,,,,
Mid-Valley Intergenerational Center,Rec+Parks,91402,06,active,90008,4/4/2013,"$11,809","$9,683",4/4/2013,,,,,,,,,,,,,,,,
West LA Animal Care & Services Center,Animal Services,90064,11,completed,90019,4/29/2003,"$70,600","$58,000",4/29/2003,11/6/3,10/23/07,,,,,,,,,,,,,,
South LA Fire Station No. 21,Fire,90011,09,completed,33140,4/28/2003,"$56,000","$56,000",4/28/2003,,,,,,,,,,,,,,,,
Canoga Park Branch Library,Library,91303,03,completed,91941,4/27/2001,"$20,000","$30,000",4/27/2001,06/04/01;08/29/01,11/23/05,,,,,,,,,,,,,,
Arleta Fire Station No. 7,Fire,91402,06,completed,90042,4/25/2012,"$90,000","$73,800",4/25/2012,n/a,9/7/16,,,,,,,,,,,,,,
Sepulveda Park West,Rec+Parks,91343,06,completed,90086,4/20/2001,"$15,000","$13,000",4/20/2001,06/28/01,9/4/02,,,,,,,,,,,,,,
South LA Animal Shelter,Animal Services,90047,08,completed,90045,4/2/2009,"$170,000","$130,000",4/2/2009,,12/18/12,,,,,,,,,,,,,,
Van Nuys Flyaway,LAWA,91401,06,completed,90013,4/17/2006,"$217,000","$217,000",4/19/2006,4/4/06,5/27/09,,,,,,,,,,,,,,
Silver Lake Branch Library [#2],Library,90039,13,completed,90026,4/18/2008,"$41,300","$35,000",4/18/2008,11/19/2008,4/17/11,,,,,,,,,,,,,,
Los Angeles Zoo [#1] (revisited),Zoo,90027,04,completed,90063,3/20/2002,"$297,170","$243,680",4/15/2002,11/26/06; 07/31/03,9/7/04,,,,,,,,,,,,,,
Gilbert Lindsay Recreation Center,Rec+Parks,90011,09,completed,90037,4/12/2007,"$15,000","$12,300",4/12/2007,09/27/07,4/11/10,,,,,,,,,,,,,,
Green Meadows Gymnasium,Rec+Parks,90003,09,completed,90042,4/10/2003,"$25,000","$23,780",4/10/2003,6/4/03,2/23/06,,,,,,,,,,,,,,
Encino Fire Station No. 83,Fire,91436,05,completed,94805,4/1/2003,"$56,000","$56,000",4/1/2003,n/a,,,,,,,,,,,,,,,
Jefferson Branch Library,Library,90018,10,completed,91602,11/1/1998,"$20,000","$20,000",4/1/1999,10/04/99,7/10/03,,,,,,,,,,,,,,
Hollenbeck Police Station | Memorial to Fallen Officers,Police,90033,14,active,90007,3/8/2012,"$30,730","$25,000",3/8/2012,5/20/15,,,,,,,,,,,,,,,
LAPD Metropolitan Division [Old Rampart Renovation],Police,90026,13,completed,90039,3/6/2012,"$176,860","$145,000",3/6/2012,"9/25/2014, 11/19/2014",4/8/16,,,,,,,,,,,,,,
Metro Detention Center | Site-Specific Artwork,Police,90012,14,completed,10011,3/30/2004,"$241,315","$213,830",3/30/2004,,2/26/09,,,,,,,,,,,,,,
Los Angeles Riverfront Park,Rec+Parks,91604,02,completed,90086,11/8/2002,"$58,800","$54,680",3/24/2003,08/20/2003,4/2/09,,,,,,,,,,,,,,
Tom Bradley International Terminal,LAWA,90045,11,completed,11217,3/8/2007,"$18,000","$18,000",3/1/2008,n/a,2/28/11,,,,,,,,,,,,,,
Tom Bradley International Terminal,LAWA,90045,11,completed,92024,3/8/2007,"$16,665","$16,665",3/1/2008,n/a,2/28/11,,,,,,,,,,,,,,
Tom Bradley International Terminal,LAWA,90045,11,completed,11211,3/8/2007,"$12,979","$12,979",3/1/2008,n/a,2/28/11,,,,,,,,,,,,,,
Tom Bradley International Terminal,LAWA,90045,11,completed,91214,3/8/2007,"$15,100","$15,100",3/1/2008,n/a,2/28/11,,,,,,,,,,,,,,
Tom Bradley International Terminal,LAWA,90045,11,completed,11373,3/8/2007,"$17,000","$17,000",3/1/2008,n/a,2/28/11,,,,,,,,,,,,,,
Tom Bradley International Terminal,LAWA,90045,11,completed,94131,3/8/2007,"$14,770","$14,770",3/1/2008,n/a,2/28/11,,,,,,,,,,,,,,
Tom Bradley International Terminal,LAWA,90045,11,completed,90041,3/8/2007,"$15,810","$15,810",3/1/2008,n/a,2/28/11,,,,,,,,,,,,,,
Tom Bradley International Terminal,LAWA,90045,11,completed,10018,3/8/2007,"$16,000","$16,000",3/1/2008,n/a,2/28/11,,,,,,,,,,,,,,
Tom Bradley International Terminal,LAWA,90045,11,completed,90302,3/8/2007,"$13,100","$13,100",3/1/2008,n/a,2/28/11,,,,,,,,,,,,,,
Tom Bradley International Terminal,LAWA,90045,11,completed,90066,3/8/2007,"$12,730","$12,730",3/1/2008,n/a,2/28/11,,,,,,,,,,,,,,
Tom Bradley International Terminal,LAWA,90045,11,completed,94103,3/8/2007,"$16,000","$16,000",3/1/2008,n/a,2/28/11,,,,,,,,,,,,,,
Tom Bradley International Terminal,LAWA,90045,11,completed,10011,3/8/2007,"$12,725","$12,725",3/1/2008,n/a,2/28/11,,,,,,,,,,,,,,
Tom Bradley International Terminal,LAWA,90045,11,completed,93003,3/8/2007,"$9,461","$9,461",3/1/2008,n/a,2/28/11,,,,,,,,,,,,,,
Tom Bradley International Terminal,LAWA,90045,11,completed,77006,3/8/2007,"$15,000","$15,000",3/1/2008,n/a,2/28/11,,,,,,,,,,,,,,
Tom Bradley International Terminal,LAWA,90045,11,completed,11205,3/8/2007,"$15,960","$15,960",3/1/2008,n/a,2/28/11,,,,,,,,,,,,,,
Tom Bradley International Terminal,LAWA,90045,11,completed,94105,3/8/2007,"$12,700","$12,700",3/1/2008,,2/28/11,,,,,,,,,,,,,,
Tom Bradley International Terminal,LAWA,90045,11,completed,60605,3/8/2007,"$16,000","$16,000",3/1/2008,,2/28/11,,,,,,,,,,,,,,
Cypress Park Branch Library [#1],Library,90065,01,completed,91331,2/9/2000,"$20,000","$20,000",2/9/2000,3/27/00,1/6/03,,,,,,,,,,,,,,
Chinatown Branch Library [#1],Library,90012,01,completed,90065,2/6/2001,"$20,000","$20,000",2/6/2001,4/26/01,3/12/03,,,,,,,,,,,,,,
Crenshaw Fire Station No. 94,Fire,90008,10,completed,90026,2/5/2008,"$124,000","$102,000",2/5/2008,none required,5/15/11,,,,,,,,,,,,,,
Westchester-Loyola Village Branch Library,Library,90045,11,completed,90031,2/26/2001,"$20,000","$20,000",2/26/2001,3/26/01,2/25/03,,,,,,,,,,,,,,
San Fernando Bike Path (Phase 3),BIP,91331,06,completed,90405,,"$15,760","$15,760",2/25/2009,10/11/2011,,,,,,,,,,,,,,,
Palms Area Child Care Center,Rec+Parks,90064,05,completed,90023,2/20/2001,"$9,100","$7,600",2/22/2001,5/29/01,2/5/03,,,,,,,,,,,,,,
El Sereno Branch Library,Library,90032,14,completed,90031,2/20/2001,"$20,000","$20,000",2/20/2001,2/26/01,12/30/03,,,,,,,,,,,,,,
Westchester Fire Station No. 5 [#2],Fire,90045,11,completed,90042,2/19/2008,"$72,370","$47,000",2/19/2008,3/16/09,2/18/11,,,,,,,,,,,,,,
Will & Ariel Durant Branch Library [#2],Library,90046,04,completed,90026,2/18/2009,"$20,000","$20,000",2/18/2009,3/17/09,2/17/12,,,,,,,,,,,,,,
Reseda Pool,Rec+Parks,91335,03,completed,90042,12/14/2010,"$22,040","$18,140",2/15/2011,8/23/11,5/30/12,,,,,,,,,,,,,,
Northridge Branch Library,Library,91325,12,completed,90031,2/13/2001,"$20,000","$20,000",2/13/2001,04/09/01,12/30/03,,,,,,,,,,,,,,
Delano Park Recreation Center,Rec+Parks,91411,06,completed,90808,2/10/2000,"$21,000","$17,000",2/10/2000,10/26/00,5/20/05,,,,,,,,,,,,,,
Granada Hills Community Center,Rec+Parks,91344,12,completed,90039,2/1/1998,"$21,000","$17,000",2/1/1998,"3/8/98, 1/13/99",6/19/01,,,,,,,,,,,,,,
Robertson Boulevard Parking Structure,DOT,90048,05,completed,90065,2/1/1997,"$60,000","$60,000",2/1/1997,06/10/97,11/30/98,,,,,,,,,,,,,,
Westwood Parking Structure,DOT,90024,05,completed,90065,2/1/1997,"$70,000","$70,000",2/1/1997,5-8-97,12/15/00,,,,,,,,,,,,,,
Malabar Branch Library,Library,90033,14,completed,91941,2/1/1995,"$13,500","$13,500",2/1/1995,04/27/96,3/18/97,,,,,,,,,,,,,,
Mid-Valley Branch Regional Branch Library,Library,91343,12,completed,94805,2/1/1995,"$27,500","$27,500",2/1/1995,4/5/95,9/1/95,,,,,,,,,,,,,,
Pan Pacific Park Recreation Center,Rec+Parks,90036,04,completed,90504,12/8/1998,"$39,000","$34,000",12/8/1998,5/20/99,1/15/02,,,,,,,,,,,,,,
US-101 LA / Main Sts. Overcrossing Pedestrian Linkage | Ned Kahn,BIP,90012,14,completed,95472,12/6/2007,"$182,925","$149,999",12/6/2007,03/21/2008; 04/24/2008,12/5/10,,,,,,,,,,,,,,
US-101 LA / Main Sts. Overcrossing Pedestrian Linkage | Infranatural,BIP,90012,14,completed,90026,12/6/2007,"$303,047","$298,499",12/6/2007,03/21/2008; 04/24/2008,2/5/15,,,,,,,,,,,,,,
Playa Vista Branch Library [#2],Library,90094,11,completed,90045,12/5/2008,"$35,000","$35,000",12/5/2008,4/18/09,12/4/09,,,,,,,,,,,,,,
Watts Fire Station No. 65,Fire,90002,15,completed,90046,12/5/2002,"$66,831","$53,200",12/5/2002,01/13/04,,,,,,,,,,,,,,,
Arleta Fire Station No. 81,Fire,91402,06,completed,85702,12/3/2002,"$66,831","$58,700",12/3/2002,n/a,12/11/06,,,,,,,,,,,,,,
Echo Park Childcare Center,Rec+Parks,90026,01,completed,90230,12/16/1999,"$7,600","$7,600",12/28/1999,8/22/00,4/14/03,,,,,,,,,,,,,,
Bradley West International Terminal Expansion,LAWA,90045,11,completed,90008,,"$1,219,512","$1,000,000",12/2/2011,,,,,,,,,,,,,,,,
Bradley West International Terminal Expansion,LAWA,90045,11,completed,90031,,"$1,283,902","$1,052,800",12/2/2011,,,,,,,,,,,,,,,,
Bradley West International Terminal Expansion,LAWA,90045,11,completed,90068,,"$1,219,512","$1,000,000",12/2/2011,,,,,,,,,,,,,,,,
Will & Ariel Durant Branch Library,Library,90046,04,completed,90291,12/19/2000,"$20,000","$20,000",12/19/2000,1/17/01; 04/16/01,6/2/04,,,,,,,,,,,,,,
Pico Union Branch Library,Library,90006,01,completed,91941,12/18/2001,"$20,000","$20,000",12/18/2001,04/09/02,6/17/04,,,,,,,,,,,,,,
Valley Plaza Branch Library,Library,91605,02,completed,91324,12/15/2000,"$20,000","$20,000",12/15/2000,03/12/01,10/27/04,,,,,,,,,,,,,,
Air Operations Facility,Fire,91406,06,completed,91205,9/20/2011,"$232,096","$190,819",12/1/2011,02/12/13,6/1/15,,,,,,,,,,,,,,
Van Nuys/Sherman Oaks Swimming Pool,Rec+Parks,91423,04,completed,90039,12/1/1997,"$20,000","$17,000",12/1/1997,5/27/98,9/25/02,,,,,,,,,,,,,,
Newton Police Station,Police,90011,09,completed,92866,9/16/1991,"$182,000","$182,000",12/1/1994,,3/1/97,,,,,,,,,,,,,,
North Hollywood Police Station,Police,91601,02,completed,90731,4/1/1992,"$182,000","$152,000",12/1/1994,,3/1/97,,,,,,,,,,,,,,
Sunland-Tujunga Branch Library,Library,91042,07,completed,90064,12/1/1994,"$27,500","$27,500",12/1/1994,,8/1/95,,,,,,,,,,,,,,
Winnick Family Children's Zoo,Zoo,90027,04,completed,87305,11/9/2000,"$252,000","$252,000",11/9/2000,12/00,9/12/01,,,,,,,,,,,,,,
Mission Hills Police Station [#2],Police,91345,07,completed,90026,11/7/2003,"$50,000","$50,000",11/7/2003,"10/26/4, 02/14/05, 02/07/06",8/17/07,,,,,,,,,,,,,,
Barrio Action Youth and Family Center,BOE,90032,14,completed,90031,11/6/2006,"$45,000","$36,900",11/6/2006,"2/01/07, 2/07/07",2/26/08,,,,,,,,,,,,,,
Pecan Park Gymnasium,Rec+Parks,90033,14,completed,90065-2152,11/6/2002,"$19,400","$15,908",11/6/2002,8/5/03,11/5/05,,,,,,,,,,,,,,
Mar Vista Fire Station No. 62,Fire,90066,11,completed,92502,11/4/2003,"$58,434","$50,000",11/4/2003,06/08/04,7/13/07,,,,,,,,,,,,,,
West Valley Animal Care & Services Center,Animal Services,91311,12,completed,92371,11/4/2002,"$123,000","$100,860",11/4/2002,4/9/3,2/8/07,,,,,,,,,,,,,,
Hollywood Fire Station No. 82,Fire,90028,13,completed,87502,11/30/2007,"$100,000","$105,001",11/30/2007,10/14/08,3/31/16,,,,,,,,,,,,,,
Eagle Rock Child Care Center,Rec+Parks,90041,14,completed,90266,7/16/1999,"$9,100","$7,600",11/23/1998,3/9/99,4/15/02,,,,,,,,,,,,,,
Van Ness Park Gymnasium,Rec+Parks,90043,08,completed,90026,11/20/2003,"$18,080","$14,825",11/20/2002,10/21/04,9/21/06,,,,,,,,,,,,,,
Aiso Street Parking,Police,90012,14,completed,90031,11/2/2005,"$300,000","$250,000",11/2/2005,6/13/07,,,,,,,,,,,,,,,
El Sereno Constituent Services Center | CD 14,BOE,90032,14,completed,90048,11/8/2006,"$17,900","$15,000",11/18/2006,4/5/07,3/7/08,,,,,,,,,,,,,,
San Pedro Fire Station No. 36,Fire,90731,15,completed,90731,11/18/2003,"$58,434","$53,903",11/18/2003,09/13/04,,,,,,,,,,,,,,,
Mason Childcare Center,Rec+Parks,91311,12,completed,91107,11/18/2003,"$15,000","$15,000",11/18/2003,3/10/2004,10/4/05,,,,,,,,,,,,,,
Tiara Street Intergenerational Center,Rec+Parks,91601,02,completed,90660,8/17/2010,"$11,480","$9,500",11/17/2010,5/19/11,5/31/13,,,,,,,,,,,,,,
Valley Communications Dispatch Center,Police,91304,12,completed,91106,11/16/2004,"$68,200","$40,000",11/16/2004,12/10/04,5/31/07,,,,,,,,,,,,,,
North Central Animal Care & Services Center,Animal Services,90031,01,completed,90058,11/14/2002,"$98,000","$80,360",11/14/2002,10/11/5,2/28/07,,,,,,,,,,,,,,
Harbor Gateway-Harbor City Branch Library,Library,90710,15,completed,90035,11/12/2002,"$20,000","$20,000",11/12/2002,05/13/04,10/11/06,,,,,,,,,,,,,,
Pacoima Branch Library,Library,91331,07,completed,90004,11/1/1998,"$20,000","$20,000",11/1/1998,6/1/99,2/28/02,,,,,,,,,,,,,,
Studio City Branch Library,Library,91604,02,completed,90031,11/1/1998,"$20,000","$20,000",11/1/1998,12/9/98,5/17/01,,,,,,,,,,,,,,
Pacific Palisades Recreation Center,Rec+Parks,90272,11,completed,90291,11/1/1997,"$15,000","$15,000",11/1/1997,7/1/98,9/25/00,,,,,,,,,,,,,,
Aliso Pico Community Center,Rec+Parks,90033,14,completed,90034,11/1/1997,"$20,000","$17,000",11/1/1997,"01/20/1998, 2/10/98",10/31/99,,,,,,,,,,,,,,
Wilshire Police Station,Police,90019,10,completed,90019,9/16/1994,"$150,000","$150,000",11/1/1995,,3/31/99,,,,,,,,,,,,,,
Panorama Branch Library,Library,91402,06,completed,90012,11/1/1995,"$26,400","$26,400",11/1/1995,02/23/93; 04/26/93,10/31/99,,,,,,,,,,,,,,
Watts Branch Library,Library,90002,15,completed,90016,5/1/1992,"$25,000","$5,000",11/1/1995,,3/18/97,,,,,,,,,,,,,,
Topanga Police Station | Site-Specific Artwork,Police,91304,03,completed,10012,10/9/2003,"$238,803","$195,800",10/9/2003,1/6/4,4/18/08,,,,,,,,,,,,,,
Little Tokyo Branch Library [#1],Library,90012,14,completed,90034,10/9/2001,"$20,000","$20,000",10/9/2001,10/27/01; 3/2/02,6/28/05,,,,,,,,,,,,,,
Banning Park Senior Center,Rec+Parks,90744,15,completed,91741,10/8/2003,"$17,300","$17,300",10/8/2003,"4/28/4, 4/30/04",8/15/06,,,,,,,,,,,,,,
King Boulevard Gateway,BOE,90016,10,completed,90013,10/25/2011,"$160,512","$150,000",10/25/2011,12/9/2011,7/11/14,,,,,,,,,,,,,,
Valley Traffic Division / Bureau Headquarters,Police,91345,06,completed,90025,10/21/2003,"$184,302","$151,200",10/21/2003,1/14/4,7/8/09,,,,,,,,,,,,,,
Olympic Police Station | Site-Specific Artwork,Police,90006,01,completed,02476,10/15/2003,"$283,803","$205,800",10/15/2003,1/26/4,10/17/08,,,,,,,,,,,,,,
Ascot Branch Library [#1],Library,90003,09,completed,92870,10/15/2001,"$20,000","$20,000",10/15/2001,03/19/02,,,,,,,,,,,,,,,
West Valley Branch Library,Library,91335,03,completed,90066,10/12/2000,"$20,000","$20,000",10/12/2000,1/11/00,7/23/02,,,,,,,,,,,,,,
Downey Park Swimming Pool,Rec+Parks,90031,01,completed,90058,10/1/2009,"$25,000","$20,500",10/1/2009,none required,9/30/12,,,,,,,,,,,,,,
Ascot Branch Library [#2],Library,90003,09,completed,90012,10/1/2005,"$10,000","$10,000",10/1/2005,n/a,5/31/07,,,,,,,,,,,,,,
Little Tokyo Branch Library [#2],Library,90012,14,completed,90013,10/1/2004,"$15,000","$15,000",10/1/2004,n/a,8/31/05,,,,,,,,,,,,,,
Palms Fire Station No. 43,Fire,90232,05,completed,90302,10/1/2003,"$59,198","$50,000",10/1/2003,12/16/3,9/24/07,,,,,,,,,,,,,,
Ross Snyder Community Center,Rec+Parks,90011,09,completed,90039,10/1/1999,"$20,000","$7,000",10/1/1999,5/15/00,3/27/03,,,,,,,,,,,,,,
Sun Valley Metrolink Station,DOT,91352,06,completed,90039,10/1/1998,"$5,000","$5,000",10/1/1998,N/A,1/14/02,,,,,,,,,,,,,,
Truesdale Recycling & Disposal Center,DWP,91352,06,completed,90031,10/1/1994,"$25,000","$25,000",10/1/1994,,5/1/96,,,,,,,,,,,,,,
Cahuenga Branch Library,Library,90029,13,completed,90012,10/1/1994,"$19,000","$19,000",10/1/1994,07/26/95,5/31/97,,,,,,,,,,,,,,
Felipe de Neve Branch Library,Library,90057,10,completed,90803,10/1/1994,"$19,000","$19,000",10/1/1994,,10/27/98,,,,,,,,,,,,,,
Fremont Branch Library,Library,90036,04,completed,90405,10/1/1994,"$19,000","$19,000",10/1/1994,,4/1/96,,,,,,,,,,,,,,
Memorial Branch Library,Library,90019,04,completed,90042,10/1/1994,"$19,000","$19,000",10/1/1994,5/15/95,4/1/96,,,,,,,,,,,,,,
Platt Branch Library,Library,91307,03,completed,90302,10/1/1994,"$27,500","$27,500",10/1/1994,n/a,6/1/95,,,,,,,,,,,,,,
Stevenson Branch Library,Library,90023,14,completed,90028,10/1/1994,"$13,500","$13,500",10/1/1994,05/06/96,12/1/96,,,,,,,,,,,,,,
Venice-Abbot Kinney Branch Library,Library,90291,11,completed,91776,10/1/1994,"$27,500","$27,500",10/1/1994,03/21/95,8/1/96,,,,,,,,,,,,,,
Vermont Square Branch Library,Library,90037,09,completed,95064,10/1/1994,"$19,000","$19,000",10/1/1994,09/06/95,1/23/97,,,,,,,,,,,,,,
Lincoln Heights Branch Library,Library,90031,01,completed,92651,10/1/1994,"$19,000","$19,000",10/1/1994,4/29/95; 9/14/95,5/31/97,,,,,,,,,,,,,,
Sherman Oaks Branch Library [#1],Library,91423,04,completed,90042,1/8/2001,"$20,000","$20,000",1/8/2001,6/13/01,4/18/03,,,,,,,,,,,,,,
East Valley Animal Care & Service Center,Animal Services,91405,06,completed,90024,1/30/2003,"$124,500","$102,000",1/30/2003,08/13/03,2/6/07,,,,,,,,,,,,,,
Mission Hills Police Station [#1],Police,91345,07,completed,90042,1/29/2001,"$107,500","$87,125",1/29/2001,5/7/01,3/29/05,,,,,,,,,,,,,,
Civic Center Fire Station No. 4,Fire,90071,14,completed,91001,1/24/2008,"$130,000","$76,000",1/24/2008,n/a,1/23/11,,,,,,,,,,,,,,
Encino Tarzana Branch Library,Library,91356,03,completed,90026,1/24/2001,"$20,000","$20,000",1/24/2001,05/09/01,3/12/03,,,,,,,,,,,,,,
Hollywood Pool and Bathhouse,Rec+Parks,90038,13,active,90058,1/18/2012,"$20,000","$16,400",1/18/2012,n/a,,,,,,,,,,,,,,,
Sylmar Branch Library,Library,91342,07,completed,97031,1/17/2001,"$20,000","$20,000",1/17/2001,04/18/01,9/10/03,,,,,,,,,,,,,,
Woodland Hills Fire Station No. 84,Fire,91367,03,completed,90045,1/15/2008,"$56,000","$48,000",1/15/2008,n/a,9/14/09,,,,,,,,,,,,,,
Victory Vineland Childcare Center,Rec+Parks,91605,02,completed,91202,6/19/2001,"$15,448","$15,000",1/14/2003,04/09/04,6/28/05,,,,,,,,,,,,,,
Van Nuys Field Service Building No. 3,DWP,91405,02,completed,93003,1/11/2004,"$45,000","$36,900",1/13/2004,07/06/04,8/17/07,,,,,,,,,,,,,,
Lake View Terrace Branch Library,Library,91040,07,completed,90039,1/12/2001,"$20,000","$20,000",1/12/2001,7/11/01;1/17/02,8/6/03,,,,,,,,,,,,,,
Pio Pico Koreatown Branch Library,Library,90005,10,completed,90013,1/10/2001,"$20,000","$20,000",1/10/2001,5/20/01;10/22/01,,,,,,,,,,,,,,,
Oakwood Recreation Center,Rec+Parks,90291,11,completed,90034,7/1/1999,"$9,100","$7,600",1/1/2000,11/18/99; 12/21/99,5/14/03,,,,,,,,,,,,,,
Downey Child Care Center,Rec+Parks,90012,01,completed,90046,1/1/1999,"$9,100","$7,600",1/1/1999,4/8/99,5/6/99,,,,,,,,,,,,,,
Algin Sutton Child Care Center,Rec+Parks,90044,08,completed,90019,9/1/1997,"$9,100","$7,600",1/1/1998,3/31/98,1/13/00,,,,,,,,,,,,,,
Angeles Mesa Branch Library,Library,90043,08,completed,90037,1/1/1997,"$16,000","$16,000",1/1/1997,4/9/97,6/1/99,,,,,,,,,,,,,,
West LA Parking Structure,DOT,90064,05,completed,90046,1/1/1996,"$37,000","$30,000",1/1/1996,,10/20/99,,,,,,,,,,,,,,
Y.O.U Alternative High School,CDD,90044,08,completed,90305,1/1/1996,"$30,000","$30,000",1/1/1996,10/11/1996,7/22/02,,,,,,,,,,,,,,
Junipero Serra Branch Library,Library,90037,09,completed,90019,1/1/1996,"$28,000","$28,000",1/1/1996,9/21/95,6/1/99,,,,,,,,,,,,,,
Los Feliz Branch Library,Library,90027,04,completed,90232,1/1/1996,"$28,000","$28,000",1/1/1996,04/28/97; 12/19/97,6/1/99,,,,,,,,,,,,,,
Ahmanson Recruit Training Center,Police,90045,11,completed,90031,1/1/1995,"$375,000","$375,000",1/1/1995,,2/10/98,,,,,,,,,,,,,,
DWP Perimeter Picket Fence,DWP,90012,01,completed,90063,1/1/1994,"$99,500","$99,500",1/1/1994,,4/1/96,,,,,,,,,,,,,,
Culver Slauson Recreation Center,Rec+Parks,90230,11,active,91030,8/1/2013,"$11,480","$14,000",08/01/2013,,,,,,,,,,,,,,,,
LADOT Bus Maintenance & CNG Facility,DOT,90012,14,active,90292,4/22/2014,"$172,000","$141,040",07/1/2014,01/05/2015,,,,,,,,,,,,,,,
Environmental Learning Center | Hyperion Treatment Plant,BOE,90293,11,completed,90065,12/14/2007,"$85,000","$70,000",02/12/2008,11/4/2009,5/26/11,,,,,,,,,,,,,,
Sixth Street Viaduct,BIP,90023,14,active,90027,7/25/2012,"$1,650,000","$1,353,000",12/15/15,,,,,,,,,,,,,,,,
Gaffey Street Pool,Rec+Parks,90731,15,active,90813,11/6/2014,"$41,000","$68,000",11/6/14,9/21/15,,,,,,,,,,,,,,,
Hollenbeck Police Station | Site-Specific Artwork,Police,90033,14,active,90031,7/1/2014,"$209,947","$170,800",7/1/14,5/20/15,,,,,,,,,,,,,,,
Woodland Hills Recreation Center,Rec+Parks,91367,03,active,91202,4/2/2014,"$95,000","$75,000",4/2/14,8/6/2015,,,,,,,,,,,,,,,
Van Nuys Fire Station 39,Fire,91411,06,active,90094,9/15/2014,"$100,000","$82,000",,,,,,,,,,,,,,,,,
F.A.A Air Traffic Control Tower,LAWA,90045,11,completed,98232,7/1/1992,"$68,500","$64,000",,,10/1/95,,,,,,,,,,,,,,
Chatsworth Branch Library [#1],Library,91311,12,completed,90808,1/19/2001,"$20,000","$20,000",,04/02/01,5/24/06,,,,,,,,,,,,,,
John Muir Branch Library,Library,90044,08,completed,90717,11/1/1996,"$18,750","$19,000",,,1/10/98,,,,,,,,,,,,,,
Robertson Branch Library,Library,90035,05,completed,90046,5/1/1992,"$25,000","$25,000",,2/18/93;11/22/93,3/17/98,,,,,,,,,,,,,,
,,,,,,,,,,,,,,,,,,,,,,,,,
,,,,,,,,,,,,,,,,,,,,,,,,,
Harbor Police Station | Youth Apprenticeship in Public Art [YAPA],Police,90731,15,in development,tbd,tbd,"$89,948","$73,758",,,,,,,,,,,,,,,,,
Topanga Police Station | Youth Apprenticeship in Public Art [YAPA],Police,91304,03,in development,tbd,tbd,"$89,948","$73,758",,,,,,,,,,,,,,,,,
West Valley Police Station | Youth Apprenticeship in Public Art [YAPA],Police,91335,03,in development,tbd,tbd,"$89,948","$73,758",,,,,,,,,,,,,,,,,
Olympic Police Station | Youth Apprenticeship in Public Art [YAPA],Police,90006,01,in development,tbd,tbd,"$89,948","$73,758",,,,,,,,,,,,,,,,,
Emergency Operations Center | Curated Exhibition,Police,90012,14,in development,tbd,tbd,"$365,854","$300,000",,,,,,,,,,,,,,,,,
Emergency Operations Center | Site-Specific Artwork,Police,90012,14,in development,tbd,tbd,"$213,414","$175,000",,,,,,,,,,,,,,,,,
Emergency Operations Center | Artist-in-Residence,Police,90012,14,in development,tbd,tbd,"$107,317","$88,000",,,,,,,,,,,,,,,,,
Rampart Police Station | Curated Exhibition,Police,90017,10,in development,tbd,tbd,"$195,121","$160,000",,,,,,,,,,,,,,,,,
Rampart Police Station | Mural,Police,90017,10,in development,tbd,tbd,"$91,708","$75,200",,,,,,,,,,,,,,,,,
Metro Detention Center | TBD,Police,90012,14,in development,tbd,tbd,"$510,503","$418,613",,,,,,,,,,,,,,,,,
Metro Transport Division / Main Street Parking [MTD/MSP],Police,90013,14,in development,tbd,tbd,"$343,984","$282,067",,,,,,,,,,,,,,,,,
Harbor Police Station | Lobby Artwork,Police,90731,15,in development,tbd,tbd,"$226,340","$185,600",,,,,,,,,,,,,,,,,
,,,,,,,,,,,,,,,,,,,,,,,,,
,,,,,,,,,,,,,,,,,,,,,,,,,
,,,,,,,,,,,,,,,,,,,,,,,,,
,,,,,,,,,,,,,,,,,,,,,,,,,
,,,,,,,,,,,,,,,,,,,,,,,,,
,,,,,,,,,,,,,,,,,,,,,,,,,
,,,,,,,,,,,,,,,,,,,,,,,,,
,,,,,,,,,,,,,,,,,,,,,,,,,
,,,,,,,,,,,,,,,,,,,,,,,,,
,,,,,,,,,,,,,,,,,,,,,,,,,
,,,,,,,,,,,,,,,,,,,,,,,,,
,,,,,,,,,,,,,,,,,,,,,,,,,
,,,,,,,,,,,,,,,,,,,,,,,,,
,,,,,,,,,,,,,,,,,,,,,,,,,
,,,,,,,,,,,,,,,,,,,,,,,,,
,,,,,,,,,,,,,,,,,,,,,,,,,
,,,,,,,,,,,,,,,,,,,,,,,,,
,,,,,,,,,,,,,,,,,,,,,,,,,
,,,,,,,,,,,,,,,,,,,,,,,,,
,,,,,,,,,,,,,,,,,,,,,,,,,
,,,,,,,,,,,,,,,,,,,,,,,,,
,,,,,,,,,,,,,,,,,,,,,,,,,
,,,,,,,,,,,,,,,,,,,,,,,,,
,,,,,,,,,,,,,,,,,,,,,,,,,
,,,,,,,,,,,,,,,,,,,,,,,,,
,,,,,,,,,,,,,,,,,,,,,,,,,
,,,,,,,,,,,,,,,,,,,,,,,,,
,,,,,,,,,,,,,,,,,,,,,,,,,
,,,,,,,,,,,,,,,,,,,,,,,,,
,,,,,,,,,,,,,,,,,,,,,,,,,
,,,,,,,,,,,,,,,,,,,,,,,,,
,,,,,,,,,,,,,,,,,,,,,,,,,
,,,,,,,,,,,,,,,,,,,,,,,,,
,,,,,,,,,,,,,,,,,,,,,,,,,
,,,,,,,,,,,,,,,,,,,,,,,,,
,,,,,,,,,,,,,,,,,,,,,,,,,
,,,,,,,,,,,,,,,,,,,,,,,,,
,,,,,,,,,,,,,,,,,,,,,,,,,
,,,,,,,,,,,,,,,,,,,,,,,,,
,,,,,,,,,,,,,,,,,,,,,,,,,
,,,,,,,,,,,,,,,,,,,,,,,,,
,,,,,,,,,,,,,,,,,,,,,,,,,
,,,,,,,,,,,,,,,,,,,,,,,,,
,,,,,,,,,,,,,,,,,,,,,,,,,
,,,,,,,,,,,,,,,,,,,,,,,,,
,,,,,,,,,,,,,,,,,,,,,,,,,
,,,,,,,,,,,,,,,,,,,,,,,,,
,,,,,,,,,,,,,,,,,,,,,,,,,
,,,,,,,,,,,,,,,,,,,,,,,,,
,,,,,,,,,,,,,,,,,,,,,,,,,
,,,,,,,,,,,,,,,,,,,,,,,,,
,,,,,,,,,,,,,,,,,,,,,,,,,
,,,,,,,,,,,,,,,,,,,,,,,,,
,,,,,,,,,,,,,,,,,,,,,,,,,
,,,,,,,,,,,,,,,,,,,,,,,,,
,,,,,,,,,,,,,,,,,,,,,,,,,
,,,,,,,,,,,,,,,,,,,,,,,,,
,,,,,,,,,,,,,,,,,,,,,,,,,
,,,,,,,,,,,,,,,,,,,,,,,,,
,,,,,,,,,,,,,,,,,,,,,,,,,
,,,,,,,,,,,,,,,,,,,,,,,,,
,,,,,,,,,,,,,,,,,,,,,,,,,
,,,,,,,,,,,,,,,,,,,,,,,,,
,,,,,,,,,,,,,,,,,,,,,,,,,
,,,,,,,,,,,,,,,,,,,,,,,,,
,,,,,,,,,,,,,,,,,,,,,,,,,
,,,,,,,,,,,,,,,,,,,,,,,,,
,,,,,,,,,,,,,,,,,,,,,,,,,
,,,,,,,,,,,,,,,,,,,,,,,,,
,,,,,,,,,,,,,,,,,,,,,,,,,
,,,,,,,,,,,,,,,,,,,,,,,,,
,,,,,,,,,,,,,,,,,,,,,,,,,
,,,,,,,,,,,,,,,,,,,,,,,,,
,,,,,,,,,,,,,,,,,,,,,,,,,
,,,,,,,,,,,,,,,,,,,,,,,,,
,,,,,,,,,,,,,,,,,,,,,,,,,
,,,,,,,,,,,,,,,,,,,,,,,,,
,,,,,,,,,,,,,,,,,,,,,,,,,
,,,,,,,,,,,,,,,,,,,,,,,,,
,,,,,,,,,,,,,,,,,,,,,,,,,
,,,,,,,,,,,,,,,,,,,,,,,,,
,,,,,,,,,,,,,,,,,,,,,,,,,
,,,,,,,,,,,,,,,,,,,,,,,,,
,,,,,,,,,,,,,,,,,,,,,,,,,
,,,,,,,,,,,,,,,,,,,,,,,,,
,,,,,,,,,,,,,,,,,,,,,,,,,
,,,,,,,,,,,,,,,,,,,,,,,,,
,,,,,,,,,,,,,,,,,,,,,,,,,
,,,,,,,,,,,,,,,,,,,,,,,,,
,,,,,,,,,,,,,,,,,,,,,,,,,
,,,,,,,,,,,,,,,,,,,,,,,,,
,,,,,,,,,,,,,,,,,,,,,,,,,
,,,,,,,,,,,,,,,,,,,,,,,,,
,,,,,,,,,,,,,,,,,,,,,,,,,
,,,,,,,,,,,,,,,,,,,,,,,,,
,,,,,,,,,,,,,,,,,,,,,,,,,
,,,,,,,,,,,,,,,,,,,,,,,,,
,,,,,,,,,,,,,,,,,,,,,,,,,
,,,,,,,,,,,,,,,,,,,,,,,,,
,,,,,,,,,,,,,,,,,,,,,,,,,
,,,,,,,,,,,,,,,,,,,,,,,,,
,,,,,,,,,,,,,,,,,,,,,,,,,
,,,,,,,,,,,,,,,,,,,,,,,,,
,,,,,,,,,,,,,,,,,,,,,,,,,
,,,,,,,,,,,,,,,,,,,,,,,,,
,,,,,,,,,,,,,,,,,,,,,,,,,
,,,,,,,,,,,,,,,,,,,,,,,,,
,,,,,,,,,,,,,,,,,,,,,,,,,
,,,,,,,,,,,,,,,,,,,,,,,,,
,,,,,,,,,,,,,,,,,,,,,,,,,
,,,,,,,,,,,,,,,,,,,,,,,,,
,,,,,,,,,,,,,,,,,,,,,,,,,
,,,,,,,,,,,,,,,,,,,,,,,,,
,,,,,,,,,,,,,,,,,,,,,,,,,
,,,,,,,,,,,,,,,,,,,,,,,,,
,,,,,,,,,,,,,,,,,,,,,,,,,
,,,,,,,,,,,,,,,,,,,,,,,,,
,,,,,,,,,,,,,,,,,,,,,,,,,
,,,,,,,,,,,,,,,,,,,,,,,,,
,,,,,,,,,,,,,,,,,,,,,,,,,
,,,,,,,,,,,,,,,,,,,,,,,,,
,,,,,,,,,,,,,,,,,,,,,,,,,
,,,,,,,,,,,,,,,,,,,,,,,,,
,,,,,,,,,,,,,,,,,,,,,,,,,
,,,,,,,,,,,,,,,,,,,,,,,,,
,,,,,,,,,,,,,,,,,,,,,,,,,
,,,,,,,,,,,,,,,,,,,,,,,,,
,,,,,,,,,,,,,,,,,,,,,,,,,
,,,,,,,,,,,,,,,,,,,,,,,,,
,,,,,,,,,,,,,,,,,,,,,,,,,
,,,,,,,,,,,,,,,,,,,,,,,,,
,,,,,,,,,,,,,,,,,,,,,,,,,
,,,,,,,,,,,,,,,,,,,,,,,,,
,,,,,,,,,,,,,,,,,,,,,,,,,
,,,,,,,,,,,,,,,,,,,,,,,,,
,,,,,,,,,,,,,,,,,,,,,,,,,
,,,,,,,,,,,,,,,,,,,,,,,,,
,,,,,,,,,,,,,,,,,,,,,,,,,
,,,,,,,,,,,,,,,,,,,,,,,,,
,,,,,,,,,,,,,,,,,,,,,,,,,
,,,,,,,,,,,,,,,,,,,,,,,,,
,,,,,,,,,,,,,,,,,,,,,,,,,
,,,,,,,,,,,,,,,,,,,,,,,,,
,,,,,,,,,,,,,,,,,,,,,,,,,
,,,,,,,,,,,,,,,,,,,,,,,,,
,,,,,,,,,,,,,,,,,,,,,,,,,
,,,,,,,,,,,,,,,,,,,,,,,,,
,,,,,,,,,,,,,,,,,,,,,,,,,
,,,,,,,,,,,,,,,,,,,,,,,,,
,,,,,,,,,,,,,,,,,,,,,,,,,
,,,,,,,,,,,,,,,,,,,,,,,,,
,,,,,,,,,,,,,,,,,,,,,,,,,
,,,,,,,,,,,,,,,,,,,,,,,,,
,,,,,,,,,,,,,,,,,,,,,,,,,
,,,,,,,,,,,,,,,,,,,,,,,,,
,,,,,,,,,,,,,,,,,,,,,,,,,
,,,,,,,,,,,,,,,,,,,,,,,,,
,,,,,,,,,,,,,,,,,,,,,,,,,
,,,,,,,,,,,,,,,,,,,,,,,,,
,,,,,,,,,,,,,,,,,,,,,,,,,
,,,,,,,,,,,,,,,,,,,,,,,,,
,,,,,,,,,,,,,,,,,,,,,,,,,
,,,,,,,,,,,,,,,,,,,,,,,,,
,,,,,,,,,,,,,,,,,,,,,,,,,
,,,,,,,,,,,,,,,,,,,,,,,,,
,,,,,,,,,,,,,,,,,,,,,,,,,
,,,,,,,,,,,,,,,,,,,,,,,,,
,,,,,,,,,,,,,,,,,,,,,,,,,
,,,,,,,,,,,,,,,,,,,,,,,,,
,,,,,,,,,,,,,,,,,,,,,,,,,
,,,,,,,,,,,,,,,,,,,,,,,,,
,,,,,,,,,,,,,,,,,,,,,,,,,
,,,,,,,,,,,,,,,,,,,,,,,,,
,,,,,,,,,,,,,,,,,,,,,,,,,
,,,,,,,,,,,,,,,,,,,,,,,,,
,,,,,,,,,,,,,,,,,,,,,,,,,
,,,,,,,,,,,,,,,,,,,,,,,,,
,,,,,,,,,,,,,,,,,,,,,,,,,
,,,,,,,,,,,,,,,,,,,,,,,,,
,,,,,,,,,,,,,,,,,,,,,,,,,
,,,,,,,,,,,,,,,,,,,,,,,,,
,,,,,,,,,,,,,,,,,,,,,,,,,
,,,,,,,,,,,,,,,,,,,,,,,,,
,,,,,,,,,,,,,,,,,,,,,,,,,
,,,,,,,,,,,,,,,,,,,,,,,,,
,,,,,,,,,,,,,,,,,,,,,,,,,
,,,,,,,,,,,,,,,,,,,,,,,,,
,,,,,,,,,,,,,,,,,,,,,,,,,
,,,,,,,,,,,,,,,,,,,,,,,,,
,,,,,,,,,,,,,,,,,,,,,,,,,
,,,,,,,,,,,,,,,,,,,,,,,,,
,,,,,,,,,,,,,,,,,,,,,,,,,
,,,,,,,,,,,,,,,,,,,,,,,,,
,,,,,,,,,,,,,,,,,,,,,,,,,
,,,,,,,,,,,,,,,,,,,,,,,,,
,,,,,,,,,,,,,,,,,,,,,,,,,
,,,,,,,,,,,,,,,,,,,,,,,,,
,,,,,,,,,,,,,,,,,,,,,,,,,
,,,,,,,,,,,,,,,,,,,,,,,,,
,,,,,,,,,,,,,,,,,,,,,,,,,
,,,,,,,,,,,,,,,,,,,,,,,,,
,,,,,,,,,,,,,,,,,,,,,,,,,
,,,,,,,,,,,,,,,,,,,,,,,,,
,,,,,,,,,,,,,,,,,,,,,,,,,
,,,,,,,,,,,,,,,,,,,,,,,,,
,,,,,,,,,,,,,,,,,,,,,,,,,
,,,,,,,,,,,,,,,,,,,,,,,,,
,,,,,,,,,,,,,,,,,,,,,,,,,
,,,,,,,,,,,,,,,,,,,,,,,,,
,,,,,,,,,,,,,,,,,,,,,,,,,
,,,,,,,,,,,,,,,,,,,,,,,,,
,,,,,,,,,,,,,,,,,,,,,,,,,
,,,,,,,,,,,,,,,,,,,,,,,,,
,,,,,,,,,,,,,,,,,,,,,,,,,
,,,,,,,,,,,,,,,,,,,,,,,,,
,,,,,,,,,,,,,,,,,,,,,,,,,
,,,,,,,,,,,,,,,,,,,,,,,,,
,,,,,,,,,,,,,,,,,,,,,,,,,
,,,,,,,,,,,,,,,,,,,,,,,,,
,,,,,,,,,,,,,,,,,,,,,,,,,
,,,,,,,,,,,,,,,,,,,,,,,,,
,,,,,,,,,,,,,,,,,,,,,,,,,
,,,,,,,,,,,,,,,,,,,,,,,,,
,,,,,,,,,,,,,,,,,,,,,,,,,
,,,,,,,,,,,,,,,,,,,,,,,,,
,,,,,,,,,,,,,,,,,,,,,,,,,
,,,,,,,,,,,,,,,,,,,,,,,,,
,,,,,,,,,,,,,,,,,,,,,,,,,
,,,,,,,,,,,,,,,,,,,,,,,,,
,,,,,,,,,,,,,,,,,,,,,,,,,
,,,,,,,,,,,,,,,,,,,,,,,,,
,,,,,,,,,,,,,,,,,,,,,,,,,
,,,,,,,,,,,,,,,,,,,,,,,,,
,,,,,,,,,,,,,,,,,,,,,,,,,
,,,,,,,,,,,,,,,,,,,,,,,,,
,,,,,,,,,,,,,,,,,,,,,,,,,
,,,,,,,,,,,,,,,,,,,,,,,,,
,,,,,,,,,,,,,,,,,,,,,,,,,
,,,,,,,,,,,,,,,,,,,,,,,,,
,,,,,,,,,,,,,,,,,,,,,,,,,
,,,,,,,,,,,,,,,,,,,,,,,,,
,,,,,,,,,,,,,,,,,,,,,,,,,
,,,,,,,,,,,,,,,,,,,,,,,,,
,,,,,,,,,,,,,,,,,,,,,,,,,
,,,,,,,,,,,,,,,,,,,,,,,,,
,,,,,,,,,,,,,,,,,,,,,,,,,
,,,,,,,,,,,,,,,,,,,,,,,,,
,,,,,,,,,,,,,,,,,,,,,,,,,
,,,,,,,,,,,,,,,,,,,,,,,,,
,,,,,,,,,,,,,,,,,,,,,,,,,
,,,,,,,,,,,,,,,,,,,,,,,,,
,,,,,,,,,,,,,,,,,,,,,,,,,
,,,,,,,,,,,,,,,,,,,,,,,,,
,,,,,,,,,,,,,,,,,,,,,,,,,
,,,,,,,,,,,,,,,,,,,,,,,,,
,,,,,,,,,,,,,,,,,,,,,,,,,
,,,,,,,,,,,,,,,,,,,,,,,,,
,,,,,,,,,,,,,,,,,,,,,,,,,
,,,,,,,,,,,,,,,,,,,,,,,,,
,,,,,,,,,,,,,,,,,,,,,,,,,
,,,,,,,,,,,,,,,,,,,,,,,,,
,,,,,,,,,,,,,,,,,,,,,,,,,
,,,,,,,,,,,,,,,,,,,,,,,,,
,,,,,,,,,,,,,,,,,,,,,,,,,
,,,,,,,,,,,,,,,,,,,,,,,,,
,,,,,,,,,,,,,,,,,,,,,,,,,
,,,,,,,,,,,,,,,,,,,,,,,,,
,,,,,,,,,,,,,,,,,,,,,,,,,
,,,,,,,,,,,,,,,,,,,,,,,,,
,,,,,,,,,,,,,,,,,,,,,,,,,
,,,,,,,,,,,,,,,,,,,,,,,,,
,,,,,,,,,,,,,,,,,,,,,,,,,
,,,,,,,,,,,,,,,,,,,,,,,,,
,,,,,,,,,,,,,,,,,,,,,,,,,
,,,,,,,,,,,,,,,,,,,,,,,,,
,,,,,,,,,,,,,,,,,,,,,,,,,
,,,,,,,,,,,,,,,,,,,,,,,,,
,,,,,,,,,,,,,,,,,,,,,,,,,
,,,,,,,,,,,,,,,,,,,,,,,,,
,,,,,,,,,,,,,,,,,,,,,,,,,
,,,,,,,,,,,,,,,,,,,,,,,,,
,,,,,,,,,,,,,,,,,,,,,,,,,
,,,,,,,,,,,,,,,,,,,,,,,,,
,,,,,,,,,,,,,,,,,,,,,,,,,
,,,,,,,,,,,,,,,,,,,,,,,,,
,,,,,,,,,,,,,,,,,,,,,,,,,
,,,,,,,,,,,,,,,,,,,,,,,,,
,,,,,,,,,,,,,,,,,,,,,,,,,
,,,,,,,,,,,,,,,,,,,,,,,,,
,,,,,,,,,,,,,,,,,,,,,,,,,
,,,,,,,,,,,,,,,,,,,,,,,,,
,,,,,,,,,,,,,,,,,,,,,,,,,
,,,,,,,,,,,,,,,,,,,,,,,,,
,,,,,,,,,,,,,,,,,,,,,,,,,
,,,,,,,,,,,,,,,,,,,,,,,,,
,,,,,,,,,,,,,,,,,,,,,,,,,
,,,,,,,,,,,,,,,,,,,,,,,,,
,,,,,,,,,,,,,,,,,,,,,,,,,
,,,,,,,,,,,,,,,,,,,,,,,,,
,,,,,,,,,,,,,,,,,,,,,,,,,
,,,,,,,,,,,,,,,,,,,,,,,,,
,,,,,,,,,,,,,,,,,,,,,,,,,
,,,,,,,,,,,,,,,,,,,,,,,,,
,,,,,,,,,,,,,,,,,,,,,,,,,
,,,,,,,,,,,,,,,,,,,,,,,,,
,,,,,,,,,,,,,,,,,,,,,,,,,
,,,,,,,,,,,,,,,,,,,,,,,,,
,,,,,,,,,,,,,,,,,,,,,,,,,
,,,,,,,,,,,,,,,,,,,,,,,,,
,,,,,,,,,,,,,,,,,,,,,,,,,
,,,,,,,,,,,,,,,,,,,,,,,,,
,,,,,,,,,,,,,,,,,,,,,,,,,
,,,,,,,,,,,,,,,,,,,,,,,,,
,,,,,,,,,,,,,,,,,,,,,,,,,
,,,,,,,,,,,,,,,,,,,,,,,,,
,,,,,,,,,,,,,,,,,,,,,,,,,
,,,,,,,,,,,,,,,,,,,,,,,,,
,,,,,,,,,,,,,,,,,,,,,,,,,
,,,,,,,,,,,,,,,,,,,,,,,,,
,,,,,,,,,,,,,,,,,,,,,,,,,
,,,,,,,,,,,,,,,,,,,,,,,,,
,,,,,,,,,,,,,,,,,,,,,,,,,
,,,,,,,,,,,,,,,,,,,,,,,,,
,,,,,,,,,,,,,,,,,,,,,,,,,
,,,,,,,,,,,,,,,,,,,,,,,,,
,,,,,,,,,,,,,,,,,,,,,,,,,
,,,,,,,,,,,,,,,,,,,,,,,,,
,,,,,,,,,,,,,,,,,,,,,,,,,
,,,,,,,,,,,,,,,,,,,,,,,,,
,,,,,,,,,,,,,,,,,,,,,,,,,
,,,,,,,,,,,,,,,,,,,,,,,,,
,,,,,,,,,,,,,,,,,,,,,,,,,
,,,,,,,,,,,,,,,,,,,,,,,,,
,,,,,,,,,,,,,,,,,,,,,,,,,
,,,,,,,,,,,,,,,,,,,,,,,,,
,,,,,,,,,,,,,,,,,,,,,,,,,
,,,,,,,,,,,,,,,,,,,,,,,,,
,,,,,,,,,,,,,,,,,,,,,,,,,
,,,,,,,,,,,,,,,,,,,,,,,,,
,,,,,,,,,,,,,,,,,,,,,,,,,
,,,,,,,,,,,,,,,,,,,,,,,,,
,,,,,,,,,,,,,,,,,,,,,,,,,
,,,,,,,,,,,,,,,,,,,,,,,,,
,,,,,,,,,,,,,,,,,,,,,,,,,
,,,,,,,,,,,,,,,,,,,,,,,,,
,,,,,,,,,,,,,,,,,,,,,,,,,
,,,,,,,,,,,,,,,,,,,,,,,,,
,,,,,,,,,,,,,,,,,,,,,,,,,
,,,,,,,,,,,,,,,,,,,,,,,,,
,,,,,,,,,,,,,,,,,,,,,,,,,
,,,,,,,,,,,,,,,,,,,,,,,,,
,,,,,,,,,,,,,,,,,,,,,,,,,
,,,,,,,,,,,,,,,,,,,,,,,,,
,,,,,,,,,,,,,,,,,,,,,,,,,
,,,,,,,,,,,,,,,,,,,,,,,,,
,,,,,,,,,,,,,,,,,,,,,,,,,
,,,,,,,,,,,,,,,,,,,,,,,,,
,,,,,,,,,,,,,,,,,,,,,,,,,
,,,,,,,,,,,,,,,,,,,,,,,,,
,,,,,,,,,,,,,,,,,,,,,,,,,
,,,,,,,,,,,,,,,,,,,,,,,,,
,,,,,,,,,,,,,,,,,,,,,,,,,
,,,,,,,,,,,,,,,,,,,,,,,,,
,,,,,,,,,,,,,,,,,,,,,,,,,
,,,,,,,,,,,,,,,,,,,,,,,,,
,,,,,,,,,,,,,,,,,,,,,,,,,
,,,,,,,,,,,,,,,,,,,,,,,,,
,,,,,,,,,,,,,,,,,,,,,,,,,
,,,,,,,,,,,,,,,,,,,,,,,,,
,,,,,,,,,,,,,,,,,,,,,,,,,
,,,,,,,,,,,,,,,,,,,,,,,,,
,,,,,,,,,,,,,,,,,,,,,,,,,
,,,,,,,,,,,,,,,,,,,,,,,,,
,,,,,,,,,,,,,,,,,,,,,,,,,
,,,,,,,,,,,,,,,,,,,,,,,,,
,,,,,,,,,,,,,,,,,,,,,,,,,
,,,,,,,,,,,,,,,,,,,,,,,,,
,,,,,,,,,,,,,,,,,,,,,,,,,
,,,,,,,,,,,,,,,,,,,,,,,,,
,,,,,,,,,,,,,,,,,,,,,,,,,
,,,,,,,,,,,,,,,,,,,,,,,,,
,,,,,,,,,,,,,,,,,,,,,,,,,
,,,,,,,,,,,,,,,,,,,,,,,,,
,,,,,,,,,,,,,,,,,,,,,,,,,
,,,,,,,,,,,,,,,,,,,,,,,,,
,,,,,,,,,,,,,,,,,,,,,,,,,
,,,,,,,,,,,,,,,,,,,,,,,,,
,,,,,,,,,,,,,,,,,,,,,,,,,
,,,,,,,,,,,,,,,,,,,,,,,,,
,,,,,,,,,,,,,,,,,,,,,,,,,
,,,,,,,,,,,,,,,,,,,,,,,,,
,,,,,,,,,,,,,,,,,,,,,,,,,
,,,,,,,,,,,,,,,,,,,,,,,,,
,,,,,,,,,,,,,,,,,,,,,,,,,
,,,,,,,,,,,,,,,,,,,,,,,,,
,,,,,,,,,,,,,,,,,,,,,,,,,
,,,,,,,,,,,,,,,,,,,,,,,,,
,,,,,,,,,,,,,,,,,,,,,,,,,
,,,,,,,,,,,,,,,,,,,,,,,,,
,,,,,,,,,,,,,,,,,,,,,,,,,
,,,,,,,,,,,,,,,,,,,,,,,,,
,,,,,,,,,,,,,,,,,,,,,,,,,
,,,,,,,,,,,,,,,,,,,,,,,,,
,,,,,,,,,,,,,,,,,,,,,,,,,
,,,,,,,,,,,,,,,,,,,,,,,,,
,,,,,,,,,,,,,,,,,,,,,,,,,
,,,,,,,,,,,,,,,,,,,,,,,,,
,,,,,,,,,,,,,,,,,,,,,,,,,
,,,,,,,,,,,,,,,,,,,,,,,,,
,,,,,,,,,,,,,,,,,,,,,,,,,
,,,,,,,,,,,,,,,,,,,,,,,,,
,,,,,,,,,,,,,,,,,,,,,,,,,
,,,,,,,,,,,,,,,,,,,,,,,,,
,,,,,,,,,,,,,,,,,,,,,,,,,
,,,,,,,,,,,,,,,,,,,,,,,,,
,,,,,,,,,,,,,,,,,,,,,,,,,
,,,,,,,,,,,,,,,,,,,,,,,,,
,,,,,,,,,,,,,,,,,,,,,,,,,
,,,,,,,,,,,,,,,,,,,,,,,,,
,,,,,,,,,,,,,,,,,,,,,,,,,
,,,,,,,,,,,,,,,,,,,,,,,,,
,,,,,,,,,,,,,,,,,,,,,,,,,
,,,,,,,,,,,,,,,,,,,,,,,,,
,,,,,,,,,,,,,,,,,,,,,,,,,
,,,,,,,,,,,,,,,,,,,,,,,,,
,,,,,,,,,,,,,,,,,,,,,,,,,
,,,,,,,,,,,,,,,,,,,,,,,,,
,,,,,,,,,,,,,,,,,,,,,,,,,
,,,,,,,,,,,,,,,,,,,,,,,,,
,,,,,,,,,,,,,,,,,,,,,,,,,
,,,,,,,,,,,,,,,,,,,,,,,,,
,,,,,,,,,,,,,,,,,,,,,,,,,
,,,,,,,,,,,,,,,,,,,,,,,,,
,,,,,,,,,,,,,,,,,,,,,,,,,
,,,,,,,,,,,,,,,,,,,,,,,,,
,,,,,,,,,,,,,,,,,,,,,,,,,
,,,,,,,,,,,,,,,,,,,,,,,,,
,,,,,,,,,,,,,,,,,,,,,,,,,
,,,,,,,,,,,,,,,,,,,,,,,,,
,,,,,,,,,,,,,,,,,,,,,,,,,
,,,,,,,,,,,,,,,,,,,,,,,,,
,,,,,,,,,,,,,,,,,,,,,,,,,
,,,,,,,,,,,,,,,,,,,,,,,,,
,,,,,,,,,,,,,,,,,,,,,,,,,
,,,,,,,,,,,,,,,,,,,,,,,,,
,,,,,,,,,,,,,,,,,,,,,,,,,
,,,,,,,,,,,,,,,,,,,,,,,,,
,,,,,,,,,,,,,,,,,,,,,,,,,
,,,,,,,,,,,,,,,,,,,,,,,,,
,,,,,,,,,,,,,,,,,,,,,,,,,
,,,,,,,,,,,,,,,,,,,,,,,,,
,,,,,,,,,,,,,,,,,,,,,,,,,
,,,,,,,,,,,,,,,,,,,,,,,,,
,,,,,,,,,,,,,,,,,,,,,,,,,
,,,,,,,,,,,,,,,,,,,,,,,,,
,,,,,,,,,,,,,,,,,,,,,,,,,
,,,,,,,,,,,,,,,,,,,,,,,,,
,,,,,,,,,,,,,,,,,,,,,,,,,
,,,,,,,,,,,,,,,,,,,,,,,,,
,,,,,,,,,,,,,,,,,,,,,,,,,
,,,,,,,,,,,,,,,,,,,,,,,,,
,,,,,,,,,,,,,,,,,,,,,,,,,
,,,,,,,,,,,,,,,,,,,,,,,,,
,,,,,,,,,,,,,,,,,,,,,,,,,
,,,,,,,,,,,,,,,,,,,,,,,,,
,,,,,,,,,,,,,,,,,,,,,,,,,
,,,,,,,,,,,,,,,,,,,,,,,,,
,,,,,,,,,,,,,,,,,,,,,,,,,
,,,,,,,,,,,,,,,,,,,,,,,,,
,,,,,,,,,,,,,,,,,,,,,,,,,
,,,,,,,,,,,,,,,,,,,,,,,,,
,,,,,,,,,,,,,,,,,,,,,,,,,
,,,,,,,,,,,,,,,,,,,,,,,,,
,,,,,,,,,,,,,,,,,,,,,,,,,
,,,,,,,,,,,,,,,,,,,,,,,,,
,,,,,,,,,,,,,,,,,,,,,,,,,
,,,,,,,,,,,,,,,,,,,,,,,,,
,,,,,,,,,,,,,,,,,,,,,,,,,
,,,,,,,,,,,,,,,,,,,,,,,,,
,,,,,,,,,,,,,,,,,,,,,,,,,
,,,,,,,,,,,,,,,,,,,,,,,,,
,,,,,,,,,,,,,,,,,,,,,,,,,
,,,,,,,,,,,,,,,,,,,,,,,,,
,,,,,,,,,,,,,,,,,,,,,,,,,
,,,,,,,,,,,,,,,,,,,,,,,,,
,,,,,,,,,,,,,,,,,,,,,,,,,
,,,,,,,,,,,,,,,,,,,,,,,,,
,,,,,,,,,,,,,,,,,,,,,,,,,
,,,,,,,,,,,,,,,,,,,,,,,,,
,,,,,,,,,,,,,,,,,,,,,,,,,
,,,,,,,,,,,,,,,,,,,,,,,,,
,,,,,,,,,,,,,,,,,,,,,,,,,
,,,,,,,,,,,,,,,,,,,,,,,,,
,,,,,,,,,,,,,,,,,,,,,,,,,
,,,,,,,,,,,,,,,,,,,,,,,,,
,,,,,,,,,,,,,,,,,,,,,,,,,
,,,,,,,,,,,,,,,,,,,,,,,,,
,,,,,,,,,,,,,,,,,,,,,,,,,
,,,,,,,,,,,,,,,,,,,,,,,,,
,,,,,,,,,,,,,,,,,,,,,,,,,
,,,,,,,,,,,,,,,,,,,,,,,,,
,,,,,,,,,,,,,,,,,,,,,,,,,
,,,,,,,,,,,,,,,,,,,,,,,,,
,,,,,,,,,,,,,,,,,,,,,,,,,
,,,,,,,,,,,,,,,,,,,,,,,,,
,,,,,,,,,,,,,,,,,,,,,,,,,
,,,,,,,,,,,,,,,,,,,,,,,,,
,,,,,,,,,,,,,,,,,,,,,,,,,
,,,,,,,,,,,,,,,,,,,,,,,,,
,,,,,,,,,,,,,,,,,,,,,,,,,
,,,,,,,,,,,,,,,,,,,,,,,,,
,,,,,,,,,,,,,,,,,,,,,,,,,
,,,,,,,,,,,,,,,,,,,,,,,,,
,,,,,,,,,,,,,,,,,,,,,,,,,
,,,,,,,,,,,,,,,,,,,,,,,,,
,,,,,,,,,,,,,,,,,,,,,,,,,
,,,,,,,,,,,,,,,,,,,,,,,,,
,,,,,,,,,,,,,,,,,,,,,,,,,
,,,,,,,,,,,,,,,,,,,,,,,,,
,,,,,,,,,,,,,,,,,,,,,,,,,
,,,,,,,,,,,,,,,,,,,,,,,,,
,,,,,,,,,,,,,,,,,,,,,,,,,
,,,,,,,,,,,,,,,,,,,,,,,,,
,,,,,,,,,,,,,,,,,,,,,,,,,
,,,,,,,,,,,,,,,,,,,,,,,,,
,,,,,,,,,,,,,,,,,,,,,,,,,
,,,,,,,,,,,,,,,,,,,,,,,,,
,,,,,,,,,,,,,,,,,,,,,,,,,
,,,,,,,,,,,,,,,,,,,,,,,,,
,,,,,,,,,,,,,,,,,,,,,,,,,
,,,,,,,,,,,,,,,,,,,,,,,,,
,,,,,,,,,,,,,,,,,,,,,,,,,
,,,,,,,,,,,,,,,,,,,,,,,,,
,,,,,,,,,,,,,,,,,,,,,,,,,
,,,,,,,,,,,,,,,,,,,,,,,,,
,,,,,,,,,,,,,,,,,,,,,,,,,
,,,,,,,,,,,,,,,,,,,,,,,,,
,,,,,,,,,,,,,,,,,,,,,,,,,
,,,,,,,,,,,,,,,,,,,,,,,,,
,,,,,,,,,,,,,,,,,,,,,,,,,
,,,,,,,,,,,,,,,,,,,,,,,,,
,,,,,,,,,,,,,,,,,,,,,,,,,
,,,,,,,,,,,,,,,,,,,,,,,,,
,,,,,,,,,,,,,,,,,,,,,,,,,
,,,,,,,,,,,,,,,,,,,,,,,,,
,,,,,,,,,,,,,,,,,,,,,,,,,
,,,,,,,,,,,,,,,,,,,,,,,,,
,,,,,,,,,,,,,,,,,,,,,,,,,
,,,,,,,,,,,,,,,,,,,,,,,,,
,,,,,,,,,,,,,,,,,,,,,,,,,
,,,,,,,,,,,,,,,,,,,,,,,,,
,,,,,,,,,,,,,,,,,,,,,,,,,
,,,,,,,,,,,,,,,,,,,,,,,,,
,,,,,,,,,,,,,,,,,,,,,,,,,
,,,,,,,,,,,,,,,,,,,,,,,,,
,,,,,,,,,,,,,,,,,,,,,,,,,
,,,,,,,,,,,,,,,,,,,,,,,,,
,,,,,,,,,,,,,,,,,,,,,,,,,
,,,,,,,,,,,,,,,,,,,,,,,,,
,,,,,,,,,,,,,,,,,,,,,,,,,
,,,,,,,,,,,,,,,,,,,,,,,,,
,,,,,,,,,,,,,,,,,,,,,,,,,
,,,,,,,,,,,,,,,,,,,,,,,,,
,,,,,,,,,,,,,,,,,,,,,,,,,
,,,,,,,,,,,,,,,,,,,,,,,,,
,,,,,,,,,,,,,,,,,,,,,,,,,
,,,,,,,,,,,,,,,,,,,,,,,,,
,,,,,,,,,,,,,,,,,,,,,,,,,
,,,,,,,,,,,,,,,,,,,,,,,,,
,,,,,,,,,,,,,,,,,,,,,,,,,
,,,,,,,,,,,,,,,,,,,,,,,,,
,,,,,,,,,,,,,,,,,,,,,,,,,
,,,,,,,,,,,,,,,,,,,,,,,,,
,,,,,,,,,,,,,,,,,,,,,,,,,
,,,,,,,,,,,,,,,,,,,,,,,,,
,,,,,,,,,,,,,,,,,,,,,,,,,
,,,,,,,,,,,,,,,,,,,,,,,,,
,,,,,,,,,,,,,,,,,,,,,,,,,
,,,,,,,,,,,,,,,,,,,,,,,,,
,,,,,,,,,,,,,,,,,,,,,,,,,
,,,,,,,,,,,,,,,,,,,,,,,,,
,,,,,,,,,,,,,,,,,,,,,,,,,
,,,,,,,,,,,,,,,,,,,,,,,,,
,,,,,,,,,,,,,,,,,,,,,,,,,
,,,,,,,,,,,,,,,,,,,,,,,,,
,,,,,,,,,,,,,,,,,,,,,,,,,
,,,,,,,,,,,,,,,,,,,,,,,,,
,,,,,,,,,,,,,,,,,,,,,,,,,
,,,,,,,,,,,,,,,,,,,,,,,,,
,,,,,,,,,,,,,,,,,,,,,,,,,
,,,,,,,,,,,,,,,,,,,,,,,,,
,,,,,,,,,,,,,,,,,,,,,,,,,
,,,,,,,,,,,,,,,,,,,,,,,,,
,,,,,,,,,,,,,,,,,,,,,,,,,
,,,,,,,,,,,,,,,,,,,,,,,,,
,,,,,,,,,,,,,,,,,,,,,,,,,
,,,,,,,,,,,,,,,,,,,,,,,,,
,,,,,,,,,,,,,,,,,,,,,,,,,
,,,,,,,,,,,,,,,,,,,,,,,,,
,,,,,,,,,,,,,,,,,,,,,,,,,
,,,,,,,,,,,,,,,,,,,,,,,,,
,,,,,,,,,,,,,,,,,,,,,,,,,
,,,,,,,,,,,,,,,,,,,,,,,,,
,,,,,,,,,,,,,,,,,,,,,,,,,
,,,,,,,,,,,,,,,,,,,,,,,,,
,,,,,,,,,,,,,,,,,,,,,,,,,
,,,,,,,,,,,,,,,,,,,,,,,,,
,,,,,,,,,,,,,,,,,,,,,,,,,
,,,,,,,,,,,,,,,,,,,,,,,,,
,,,,,,,,,,,,,,,,,,,,,,,,,
,,,,,,,,,,,,,,,,,,,,,,,,,
,,,,,,,,,,,,,,,,,,,,,,,,,
,,,,,,,,,,,,,,,,,,,,,,,,,
,,,,,,,,,,,,,,,,,,,,,,,,,
,,,,,,,,,,,,,,,,,,,,,,,,,
,,,,,,,,,,,,,,,,,,,,,,,,,
,,,,,,,,,,,,,,,,,,,,,,,,,
,,,,,,,,,,,,,,,,,,,,,,,,,
,,,,,,,,,,,,,,,,,,,,,,,,,
,,,,,,,,,,,,,,,,,,,,,,,,,
,,,,,,,,,,,,,,,,,,,,,,,,,
,,,,,,,,,,,,,,,,,,,,,,,,,
,,,,,,,,,,,,,,,,,,,,,,,,,
,,,,,,,,,,,,,,,,,,,,,,,,,
,,,,,,,,,,,,,,,,,,,,,,,,,
,,,,,,,,,,,,,,,,,,,,,,,,,
,,,,,,,,,,,,,,,,,,,,,,,,,
,,,,,,,,,,,,,,,,,,,,,,,,,
,,,,,,,,,,,,,,,,,,,,,,,,,
,,,,,,,,,,,,,,,,,,,,,,,,,
,,,,,,,,,,,,,,,,,,,,,,,,,
,,,,,,,,,,,,,,,,,,,,,,,,,
,,,,,,,,,,,,,,,,,,,,,,,,,
,,,,,,,,,,,,,,,,,,,,,,,,,
,,,,,,,,,,,,,,,,,,,,,,,,,
,,,,,,,,,,,,,,,,,,,,,,,,,
,,,,,,,,,,,,,,,,,,,,,,,,,
,,,,,,,,,,,,,,,,,,,,,,,,,
,,,,,,,,,,,,,,,,,,,,,,,,,
,,,,,,,,,,,,,,,,,,,,,,,,,
,,,,,,,,,,,,,,,,,,,,,,,,,
,,,,,,,,,,,,,,,,,,,,,,,,,
,,,,,,,,,,,,,,,,,,,,,,,,,
,,,,,,,,,,,,,,,,,,,,,,,,,
,,,,,,,,,,,,,,,,,,,,,,,,,
,,,,,,,,,,,,,,,,,,,,,,,,,
,,,,,,,,,,,,,,,,,,,,,,,,,
,,,,,,,,,,,,,,,,,,,,,,,,,
,,,,,,,,,,,,,,,,,,,,,,,,,
,,,,,,,,,,,,,,,,,,,,,,,,,
,,,,,,,,,,,,,,,,,,,,,,,,,
,,,,,,,,,,,,,,,,,,,,,,,,,
,,,,,,,,,,,,,,,,,,,,,,,,,
,,,,,,,,,,,,,,,,,,,,,,,,,
,,,,,,,,,,,,,,,,,,,,,,,,,
,,,,,,,,,,,,,,,,,,,,,,,,,
,,,,,,,,,,,,,,,,,,,,,,,,,
,,,,,,,,,,,,,,,,,,,,,,,,,
,,,,,,,,,,,,,,,,,,,,,,,,,
,,,,,,,,,,,,,,,,,,,,,,,,,
,,,,,,,,,,,,,,,,,,,,,,,,,
,,,,,,,,,,,,,,,,,,,,,,,,,
,,,,,,,,,,,,,,,,,,,,,,,,,
,,,,,,,,,,,,,,,,,,,,,,,,,
,,,,,,,,,,,,,,,,,,,,,,,,,
,,,,,,,,,,,,,,,,,,,,,,,,,
,,,,,,,,,,,,,,,,,,,,,,,,,
,,,,,,,,,,,,,,,,,,,,,,,,,
,,,,,,,,,,,,,,,,,,,,,,,,,
,,,,,,,,,,,,,,,,,,,,,,,,,
,,,,,,,,,,,,,,,,,,,,,,,,,
,,,,,,,,,,,,,,,,,,,,,,,,,
,,,,,,,,,,,,,,,,,,,,,,,,,
,,,,,,,,,,,,,,,,,,,,,,,,,
,,,,,,,,,,,,,,,,,,,,,,,,,
,,,,,,,,,,,,,,,,,,,,,,,,,
,,,,,,,,,,,,,,,,,,,,,,,,,
,,,,,,,,,,,,,,,,,,,,,,,,,
,,,,,,,,,,,,,,,,,,,,,,,,,
,,,,,,,,,,,,,,,,,,,,,,,,,
,,,,,,,,,,,,,,,,,,,,,,,,,
,,,,,,,,,,,,,,,,,,,,,,,,,
,,,,,,,,,,,,,,,,,,,,,,,,,
,,,,,,,,,,,,,,,,,,,,,,,,,
,,,,,,,,,,,,,,,,,,,,,,,,,
,,,,,,,,,,,,,,,,,,,,,,,,,
,,,,,,,,,,,,,,,,,,,,,,,,,
,,,,,,,,,,,,,,,,,,,,,,,,,
,,,,,,,,,,,,,,,,,,,,,,,,,
,,,,,,,,,,,,,,,,,,,,,,,,,
,,,,,,,,,,,,,,,,,,,,,,,,,
,,,,,,,,,,,,,,,,,,,,,,,,,
,,,,,,,,,,,,,,,,,,,,,,,,,
,,,,,,,,,,,,,,,,,,,,,,,,,
,,,,,,,,,,,,,,,,,,,,,,,,,
,,,,,,,,,,,,,,,,,,,,,,,,,
,,,,,,,,,,,,,,,,,,,,,,,,,
,,,,,,,,,,,,,,,,,,,,,,,,,
,,,,,,,,,,,,,,,,,,,,,,,,,
,,,,,,,,,,,,,,,,,,,,,,,,,
,,,,,,,,,,,,,,,,,,,,,,,,,
,,,,,,,,,,,,,,,,,,,,,,,,,
,,,,,,,,,,,,,,,,,,,,,,,,,
,,,,,,,,,,,,,,,,,,,,,,,,,
,,,,,,,,,,,,,,,,,,,,,,,,,
,,,,,,,,,,,,,,,,,,,,,,,,,
,,,,,,,,,,,,,,,,,,,,,,,,,
,,,,,,,,,,,,,,,,,,,,,,,,,
,,,,,,,,,,,,,,,,,,,,,,,,,
,,,,,,,,,,,,,,,,,,,,,,,,,
,,,,,,,,,,,,,,,,,,,,,,,,,
,,,,,,,,,,,,,,,,,,,,,,,,,
,,,,,,,,,,,,,,,,,,,,,,,,,
,,,,,,,,,,,,,,,,,,,,,,,,,
,,,,,,,,,,,,,,,,,,,,,,,,,
,,,,,,,,,,,,,,,,,,,,,,,,,
,,,,,,,,,,,,,,,,,,,,,,,,,
,,,,,,,,,,,,,,,,,,,,,,,,,
,,,,,,,,,,,,,,,,,,,,,,,,,
,,,,,,,,,,,,,,,,,,,,,,,,,
,,,,,,,,,,,,,,,,,,,,,,,,,
,,,,,,,,,,,,,,,,,,,,,,,,,
,,,,,,,,,,,,,,,,,,,,,,,,,
,,,,,,,,,,,,,,,,,,,,,,,,,
,,,,,,,,,,,,,,,,,,,,,,,,,
,,,,,,,,,,,,,,,,,,,,,,,,,
,,,,,,,,,,,,,,,,,,,,,,,,,
,,,,,,,,,,,,,,,,,,,,,,,,,
,,,,,,,,,,,,,,,,,,,,,,,,,
,,,,,,,,,,,,,,,,,,,,,,,,,
,,,,,,,,,,,,,,,,,,,,,,,,,
,,,,,,,,,,,,,,,,,,,,,,,,,
,,,,,,,,,,,,,,,,,,,,,,,,,
,,,,,,,,,,,,,,,,,,,,,,,,,
,,,,,,,,,,,,,,,,,,,,,,,,,
,,,,,,,,,,,,,,,,,,,,,,,,,
,,,,,,,,,,,,,,,,,,,,,,,,,
,,,,,,,,,,,,,,,,,,,,,,,,,
,,,,,,,,,,,,,,,,,,,,,,,,,
,,,,,,,,,,,,,,,,,,,,,,,,,